Study Name,Abbreviation,Repository Link,Owner,Contributors,Languages,Code Summary,Data Types/Modalities,Tools/Packages
Alzheimer's Disease Neuroimaging Initiative,ADNI,https://github.com/himanshub1007/Alzhimers-Disease-Prediction-Using-Deep-learning,himanshub1007,himanshub1007,Python,,"This code presents a deep learning approach for Alzheimer's Disease (AD) prediction using brain MRI images, exploring different transfer learning methods based on Convolutional Neural Networks (CNNs). The project compares pretrained 2D AlexNet with 2D-representation methods and simple neural networks with pretrained 3D autoencoders against CNNs trained from scratch, finding that pretrained 2D AlexNet achieved the best performance (86% accuracy) for classifying AD versus normal controls using structural brain changes visible in MRI scans from the ADNI dataset.",Data Modalities: - Structural MRI - Brain imaging - Gray matter - White matter
Alzheimer's Disease Neuroimaging Initiative,ADNI,https://github.com/bytesc/Image_Recognition_WebGUI,bytesc,bytesc,Python,,"This code implements a web-based application for medical image recognition that specializes in analyzing 3D MRI brain images for Alzheimer's disease detection. The system uses a 3D convolutional neural network architecture to process brain MRI data and classify it into different categories (likely including Alzheimer's disease, mild cognitive impairment, and normal controls). The web interface, built with Pywebio, allows users to upload their own brain images for analysis, visualize parameter-related heatmaps, and interact with the classification results through an intuitive GUI that displays detailed diagnostic information.",Data Modalities: - Structural MRI - 3D brain imaging data - ADNI data
Alzheimer's Disease Neuroimaging Initiative,ADNI,https://github.com/bytesc/Image-Recognition-system,bytesc,bytesc,Python,,"This code implements a 3D convolutional neural network (CNN) system for Alzheimer's disease diagnosis using MRI brain images. The system provides a complete web application with image recognition capabilities, allowing users to upload brain MRI scans for automated diagnosis. The architecture includes a front-end web interface, image processing backend, and a PyTorch-based deep learning model that classifies brain images into different categories. The code is fully implemented in Python with optimizations for performance and includes demonstration capabilities through a web interface where users can test the system with sample images or upload their own MRI scans.",Data Modalities: - MRI (brain imaging) - 3D volumetric neuroimaging data
Alzheimer's Disease Neuroimaging Initiative,ADNI,https://github.com/grantgasser/Alzheimers-Prediction,grantgasser,grantgasser,Jupyter Notebook,"## Summary This code repository contains a data science project focused on developing predictive models for Alzheimer's disease diagnosis using data from the ADNI (Alzheimer's Disease Neuroimaging Initiative) project. The project implements multiple machine learning approaches to classify patients into diagnostic categories (Cognitively Normal, Mild Cognitive Impairment, or Alzheimer's Disease), with the latest version using XGBoost for binary classification achieving 90.48% test accuracy. The repository includes Jupyter notebooks and R scripts that implement various classification models, evaluate their performance, and analyze feature importance, with cognitive test scores (MMSE) and age being identified as the most predictive features.","## Data Modalities - Clinical data (age, gender, education, race) - Cognitive assessments (MMSE scores) - Genetic data (APOE4 genotype) - Demographic information","## Packages, Tools, and Frameworks Used - Python - R - Scikit-learn - XGBoost - Jupyter Notebook - Pandas - NumPy - Matplotlib - GradientBoostingClassifier - Cross-validation tools - Ordinal regression models"
Alzheimer's Disease Neuroimaging Initiative,ADNI,https://github.com/bbanddd/ADDL,bbanddd,4everstella,Python,,"ADDL (Alzheimer's Disease Deep Learning) is an open-source project that applies deep learning techniques to brain MRI images for Alzheimer's disease diagnosis. The project processes structural MRI data (T1, 2017) from ADNI (Alzheimer's Disease Neuroimaging Initiative) database, extracting gray matter tissue images through preprocessing, then uses a ResNet deep learning module to analyze these images and implement diagnostic algorithms. The workflow achieves approximately 95% diagnostic precision by grouping ADNI MRI data into several study groups and applying different diagnostic methodologies.",Data Modalities: - Structural MRI (T1) - Brain gray matter (GM) tissue images - Neuroimaging data
Alzheimer's Disease Neuroimaging Initiative,ADNI,https://github.com/yingszuo/cnn_mci_ad_classification,yingszuo,yingszuo,Python,"## Summary This code focuses on using Convolutional Neural Networks (CNNs) to classify mild cognitive impairment and Alzheimer's disease from 3D brain MRI images. The repository contains two main function files for preprocessing MRI images and model operations, along with implementation files for four different methodological approaches: baseline models, data augmentation, transfer learning, and dimension reduction, with a total of 16 different models being trained and tested across these approaches.",## Data Modalities - 3D brain MRI images - Structural MRI,"## Packages, Tools, and Frameworks Used Based on the provided code snippet, no specific packages, tools, or frameworks are explicitly mentioned. However, given the nature of the work (CNN models for MRI classification), it likely uses Python with deep learning libraries, though these are not specifically listed in the provided excerpt."
Alzheimer's Disease Neuroimaging Initiative,ADNI,https://github.com/Sapphirine/Alzheimers_Diagnosis_StageDetermination,Sapphirine,skyislightblue; MichaelNg1,Jupyter Notebook,,"This code represents a comprehensive analysis framework for Alzheimer's Disease diagnosis and stage determination, integrating clinical, genomic, and imaging data from the Alzheimer's Disease Neuroimaging Initiative (ADNI) dataset. The project aims to identify biomarker combinations with the highest diagnostic power and examine disease patterns across different stages (Normal, Early Mild Cognitive Impairment, Late Mild Cognitive Impairment, and Diagnosed Alzheimer's), using various machine learning approaches including Multi-layer Perceptron, Convolutional Neural Networks for raw image classification, Random Forest for feature importance assessment, and dimensionality reduction techniques like PCA and t-SNE for data visualization.",Data Modalities: - Clinical data - Genomic data - Neuroimaging data (MRI) - Radiological measurements - Raw brain images
Alzheimer's Disease Neuroimaging Initiative,ADNI,https://github.com/vipul105/Alzheimers_Disease_Progression,vipul105,vipul105; kaurrachneet6,Jupyter Notebook,"## Summary This code repository contains machine learning algorithms and tools designed to predict Alzheimer's disease progression trajectories and classify patients into distinct clinical subtypes based on their progression rates. The work focuses on analyzing clinical data to identify different progression patterns, enabling early prediction of disease course from baseline diagnosis, with notably accurate predictions of disease progression after four years using the first 12 months of post-diagnosis clinical data. The repository includes code for both published research papers and an interactive web application that allows clinical researchers to predict AD subtypes based on clinical parameters.",## Data Modalities - Clinical data - Cognitive assessments - Longitudinal clinical measurements - Memory and cognitive measures,"## Packages, Tools, and Frameworks Used - Python - LSTM (Long Short-Term Memory) neural networks - Streamlit (for interactive web application) - Machine learning frameworks (specific packages not explicitly listed in the excerpt)"
Alzheimer's Disease Neuroimaging Initiative,ADNI,https://github.com/bsearchinger/ADNI,bsearchinger,bcollica; rroggenkemper; bsearchinger,Jupyter Notebook,"## Summary This code repository contains R and Python scripts for analyzing Alzheimer's Disease Neuroimaging Initiative (ADNI) data through a two-stage process: first filtering participants based on their estimated risk for amyloid-beta positivity, then classifying them as high or low risk for future Alzheimer's Disease conversion. The analysis demonstrates that filtering patients based on Alzheimer's risk factors improves performance when predicting conversion probabilities, utilizing various data modalities including cognitive assessments, genetic markers, neuroimaging, and cerebrospinal fluid measurements to build predictive models through logistic regression and neural network approaches.","## Data Modalities - Neuroimaging (MRI, PET) - Cerebrospinal fluid (CSF) biomarkers - Cognitive assessments - Genetic markers (APOE genotype) - Clinical data - Amyloid-beta measurements - Tau PET imaging - White matter hyperintensities - Medial temporal lobe measurements","## Packages, Tools, and Frameworks Used - R (for data processing and statistical modeling) - Python (for analysis) - PyTorch/niTorch (for neural network models) - CNN (Convolutional Neural Networks for image analysis) - Logistic regression models - Cross-validation techniques - NIfTI file format processing tools"
Alzheimer's Disease Neuroimaging Initiative,ADNI,https://github.com/renwang435/adni_visualize,renwang435,renwang435,Python,"## Summary This repository contains code for analyzing and classifying brain MRI images from the Alzheimer's Disease Neuroimaging Initiative (ADNI) dataset using deep learning approaches. The codebase implements both a 3D convolutional neural network for classifying images into three categories (cognitively normal, mild cognitive impairment, and Alzheimer's disease) and a variational autoencoder for unsupervised learning of latent representations. It includes comprehensive preprocessing scripts for image registration, skull stripping, bias correction, and normalization, as well as visualization tools for examining the learned latent manifolds and training progress.",## Data Modalities - Structural MRI (T1-weighted) - Brain imaging data - Neuroimaging data - Alzheimer's disease biomarkers,"## Packages, Tools, and Frameworks Used - Keras - TensorFlow (implied by Keras usage) - NumPy - FLIRT (FSL's linear registration tool) - FSL BET (Brain Extraction Tool) - ANTs (Advanced Normalization Tools) with N4ITK - t-SNE (t-Distributed Stochastic Neighbor Embedding) - PCA (Principal Component Analysis) - Python standard libraries"
Alzheimer's Disease Neuroimaging Initiative,ADNI,https://github.com/giocoal/ADNI-brain-MRI-alzheimer-WGAN-generation-and-classification,giocoal,giocoal; elingenthal,Python,,"## Summary This project focuses on Alzheimer's disease detection and data augmentation using T1-weighted MRI brain images from the ADNI dataset. It implements a three-part approach: first creating a dataset of axial 2D slices from 3D MRI images, then training a custom ResNet-18 model to classify between healthy individuals and those with Alzheimer's, and finally developing a Wasserstein GAN (WGAN) to generate synthetic brain MRI images for data augmentation to address class imbalance issues. The WGAN approach overcomes limitations of traditional undersampling methods by avoiding data loss and replacing problematic geometric data augmentation techniques in the medical imaging context.",## Data Modalities - T1-weighted MRI brain images - 3D volumetric neuroimaging data - 2D axial brain slices - Clinical data - Genetic data - Biological sample data
Alzheimer's Disease Neuroimaging Initiative,ADNI,https://github.com/quqixun/ADDetection,quqixun,quqixun,Python,,"The provided content appears to be a Base64-encoded string that decodes to ""# Alzheimer's Desease Detection"", which seems to be a title or header for a project related to Alzheimer's disease detection. However, there is no actual code or detailed readme content provided beyond this encoded title. Without additional code or documentation, I cannot analyze the functionality, data modalities, or tools used.",Data types and data modalities mentioned or used:
Alzheimer's Disease Neuroimaging Initiative,ADNI,https://github.com/Abhi156128/Alzheimer-Disease-Prediction-using-ML,Abhi156128,Abhi156128,Jupyter Notebook,,"A one-paragraph summary of the code's purpose and functionality: This repository focuses on predicting Alzheimer's Disease (AD) progression, particularly the conversion from Mild Cognitive Impairment (MCI) to probable AD, using various machine learning approaches. The project implements an integrative framework that combines cross-sectional neuroimaging biomarkers with longitudinal cerebrospinal fluid (CSF) and cognitive performance biomarkers from the Alzheimer's Disease Neuroimaging Initiative (ADNI) cohort. The work aims to provide a comprehensive experimental comparison of different machine learning algorithms applied to various classification schemes, evaluating their effectiveness on standard Alzheimer's disease datasets with different feature characteristics, ultimately demonstrating the implementation of these algorithms on ADNI datasets.",Data types and data modalities mentioned or used: - Neuroimaging data - Cerebrospinal fluid (CSF) biomarkers - Cognitive performance measures - Longitudinal biomarker data - Cross-sectional biomarker data
Alzheimer's Disease Neuroimaging Initiative,ADNI,https://github.com/e-pet/adni-bias,e-pet,e-pet,Python,,"This code repository provides implementations for detecting Alzheimer's disease (AD) using both CNN-based approaches with 3D MRI volumes and logistic regression models with manually extracted volumetric features. The code focuses on analyzing performance differences when training datasets contain varying proportions of males/females and younger/older subjects, exploring feature robustness and sex differences in medical imaging for AD detection. The repository includes scripts for generating dataset splits, training models, and conducting detailed performance analyses, with preprocessing steps using FreeSurfer and SPM12 described but not included in the codebase.","Data Modalities: - Structural MRI (T1-weighted MP-RAGE) - Volumetric brain measurements - Demographic data (age, sex)"
Alzheimer's Disease Neuroimaging Initiative,ADNI,https://github.com/MahsaShk/AD_Classification_VAE,MahsaShk,MahsaShk,Python,,"### Summary This code implements a deep learning approach for Alzheimer's Disease classification using spectral-based shape features extracted from hippocampus structures in MRI scans. The repository contains code that processes triangulated surface meshes from segmented hippocampi, establishes point-to-point correspondences using spectral matching, and applies a variational autoencoder to learn low-dimensional feature representations of vertex coordinates, which are then used by a multi-layer perceptron with softmax activation for classification of subjects into normal controls, early MCI, late MCI, and Alzheimer's Disease groups.",### Data Modalities - Structural MRI - Hippocampal segmentation - 3D surface meshes - Shape features - Spectral features
Alzheimer's Disease Neuroimaging Initiative,ADNI,https://github.com/kaderghal/ADNI_Data_processing,kaderghal,kaderghal,Python,,"A one-paragraph summary of the code's purpose and functionality: This repository contains code for processing and analyzing neuroimaging data from the Alzheimer's Disease Neuroimaging Initiative (ADNI) to develop neural network models for Alzheimer's disease classification. The codebase includes preprocessing pipelines to extract 2D and 3D data from medical images with specific preparation techniques, and a PyTorch-based project for creating and training neural network architectures. The repository is organized into dataset access information and source code folders containing both data preparation scripts and PyTorch implementation for deep learning models focused on classifying different stages of Alzheimer's disease.",List of data types and data modalities mentioned or used: - Structural MRI (sMRI) - Diffusion Tensor Imaging (DTI) - Neuroimaging data - NIFTI medical images - Hippocampus (HIPP) data - Posterior Parietal Cortex (PPC) data
Alzheimer's Disease Neuroimaging Initiative,ADNI,https://github.com/damianpolakpjwstk/alzheimer_disease_classification_tools,damianpolakpjwstk,dpolak-dtiq; damianpolakpjwstk,Jupyter Notebook,"A one-paragraph summary of the code's purpose and functionality: This repository contains a comprehensive pipeline for analyzing and classifying MRI scans to predict Alzheimer's disease and Mild Cognitive Impairment (MCI) progression using both deep learning and traditional machine learning approaches. The codebase implements a complete workflow from data preparation to classification and result analysis, utilizing two datasets (ADNI and BIOCARD) with extensive preprocessing steps including skull stripping, bias field correction, registration to MNI152 template, denoising, intensity rescaling, and histogram equalization. The classification is performed using 3D convolutional neural networks (CNN) with attention blocks for the imaging data, as well as XGBoost and SVM models for volumetric features extracted from the scans using FreeSurfer, with additional functionality for model explanation and visualization.",Data types and data modalities mentioned or used: - MRI scans - Volumetric brain data - Structural MRI - Tabular data (volumetric features),"List of packages, tools, and frameworks used: - Python 3.10 - PyTorch 2.0.1 - FSL (FLIRT) - ANTs - HD-BET - FreeSurfer - N4ITK - XGBoost - SVM - pseudo3d_pytorch - torchviz - Grad-CAM - NumPy - Pandas - Matplotlib (implied for visualization) - Ubuntu 20.04 (operating system)"
Alzheimer's Disease Neuroimaging Initiative,ADNI,https://github.com/rkushol/ADDFormer,rkushol,rkushol,Python,## Analysis of ADDFormer and SF2Former Code,"The code represents two deep learning frameworks, ADDFormer and SF2Former, designed for neurological disease classification from structural MRI data. ADDFormer focuses on Alzheimer's disease detection by leveraging vision transformer architecture to capture global relationships in brain images, while SF2Former targets Amyotrophic Lateral Sclerosis (ALS) identification using spatial and frequency domain fusion. Both frameworks employ transfer learning with ImageNet pre-trained weights, process consecutive coronal 2D slices from 3D MRI volumes, and use majority voting across slices for final subject classification. The implementations have been evaluated on public datasets (ADNI for Alzheimer's and CALSNIC for ALS) and demonstrate superior performance compared to state-of-the-art methods.",### Data Modalities: - Structural MRI (T1-weighted) - R2* MRI - FLAIR MRI - Multi-modal neuroimaging data
Alzheimer's Disease Neuroimaging Initiative,ADNI,https://github.com/sambd86/cnn-adni,sambd86,,,"## Summary This code implements a 3D Convolutional Neural Network (CNN) for diagnosing Alzheimer's disease from structural MRI brain scans, along with four different visualization methods (sensitivity analysis, guided backprop, occlusion, and area occlusion) to explain the network's classification decisions by highlighting relevant brain regions. The repository includes code for training the model, performing cross-validation, generating relevance heatmaps, and reproducing figures from the associated research paper, demonstrating that the CNN focuses on brain regions known to be involved in Alzheimer's disease, such as the inferior and middle temporal gyrus.",## Data Modalities - Structural MRI (sMRI) - 3D brain imaging - T1-weighted MRI (1.5T and 3T),"## Packages, Tools, and Frameworks - Python 3 - PyTorch - torchvision - torchsample (custom fork) - NumPy - SciPy - Matplotlib - Pandas - Jupyter - scikit-learn - tqdm - tabulate - ANTs (Advanced Normalization Tools) for image preprocessing"
Alzheimer's Disease Neuroimaging Initiative,ADNI,https://github.com/AC209a-AlzheimersProject/alzheimers-project,AC209a-AlzheimersProject,abhimanyuvasishth; nathaneinstein; rorymaizels; robbertstruyven,Jupyter Notebook,,"This repository appears to be a README file for an Alzheimer's disease (AD) research project, but there is no actual code present in the provided content. The README describes a project focused on understanding risk factors and precursors for Alzheimer's disease to improve diagnosis, particularly at early onset, by identifying factors that might predict likelihood of change in diagnosis over time. The project was completed by Nathan Einstein, Rory Maizels, Robbert Struyven, and Abhimanyu Vasisth as Team 41 in a course (AC209a) taught in Fall 2018.",Data Modalities:
Alzheimer's Disease Neuroimaging Initiative,ADNI,https://github.com/nikkithags/Detection-and-Analysis-of-Alzheimer-s-disease,nikkithags,nikkithags,Python,,"This project aims to enable early detection and analysis of Alzheimer's disease using ADNI brain MRI images and MMSE test data. The codebase consists of multiple analysis components including image segmentation through thresholding of brain MRIs, multiple regression analysis using MMSE scores, longitudinal MRI analysis for predictions using OASIS data, edge detection techniques for enhanced brain MRI analysis, and a KNN classification algorithm for Alzheimer's disease analysis. These components collectively form a comprehensive approach to analyzing and potentially predicting Alzheimer's disease progression using various computational techniques.",Data Modalities: - Structural MRI - Neuropsychological assessments (MMSE) - Longitudinal MRI - Clinical data (OASIS dataset)
Alzheimer's Disease Neuroimaging Initiative,ADNI,https://github.com/BorgwardtLab/ADNI_3DCNNvsTDA,BorgwardtLab,sbrueningk,Python,,"This code repository contains models for Alzheimer's Disease classification using a combination of 3D Convolutional Neural Networks (CNNs) and Topological Data Analysis (TDA) approaches. The repository implements various neural network architectures to analyze different brain image subsets including hippocampus, patches, and full inner brain images. It features TDA-based 2D CNNs that work with persistence images from different homological dimensions, as well as Graph Neural Networks (GNN) and Logistic Regression (LR) models for combining multiple image patches. The code is designed to leverage clinical domain knowledge in a simple, scalable and effective way for AD classification using the ADNI database.",Data Modalities: - MRI (structural brain imaging) - Hippocampus imaging - Brain patch images - Full inner brain images - Persistence images (topological data representations)
Alzheimer's Disease Neuroimaging Initiative,ADNI,https://github.com/barupal/ADNI,barupal,barupal,R,,"A one-paragraph summary of the code's purpose and functionality: The repository contains code for analyzing untargeted lipidomics data from the Alzheimer's Disease Neuroimaging Initiative (ADNI) cohort. It consists of two main components: first, the generation and quality control of lipidomics data for the ADNI cohort (referencing a Nature publication); and second, the identification of lipid coregulatory modules associated with Alzheimer's disease diagnosis, endophenotypes, and CSF biomarkers. The code likely implements methods for processing mass spectrometry-based lipidomics data, performing quality control procedures, and conducting statistical analyses to identify lipid networks or modules that correlate with various Alzheimer's disease clinical measures and biomarkers.",Data types and data modalities mentioned or used: - Lipidomics - CSF biomarkers - Neuroimaging - Clinical data (AD diagnosis) - Endophenotypes
Alzheimer's Disease Neuroimaging Initiative,ADNI,https://github.com/yacineammari/PFE-alzheimer-disease-classification,yacineammari,yacineammari,Jupyter Notebook,"## Summary This code implements a deep learning-based classification system for Alzheimer's disease using MRI brain scans from the ADNI1 dataset. The approach preprocesses T1-weighted MRI images through affine transformation, skull stripping, construction of 2D images from the most informative slices based on entropy, and histogram equalization. The classification model is built on ResNet50 architecture to categorize patients into three classes: Alzheimer's disease (AD), Mild Cognitive Impairment (MCI), and Normal Controls (NC). The repository includes a user interface application for clinical use, achieving 93.40% validation accuracy, 92.02% average precision, and 93.68% average recall.",## Data Modalities - T1-weighted MRI - Brain imaging - Structural MRI,"## Packages, Tools, and Frameworks Used - FSL FLIRT (for affine transformation) - MNI 152 Template - ResNet50 - Adam optimizer - Python - TensorFlow/Keras (implied by neural network implementation) - Histogram equalization tools - Image processing libraries"
Alzheimer's Disease Neuroimaging Initiative,ADNI,https://github.com/tjiagoM/adni_phenotypes,tjiagoM,tjiagoM,Python,"## Summary This repository contains code for identifying healthy individuals with Alzheimer's disease neuroimaging phenotypes in the UK Biobank, as presented in a paper published in Communications Medicine. The code implements a machine learning model that analyzes neuroimaging data to detect Alzheimer's disease phenotypes in seemingly healthy individuals. The repository includes scripts for training the model, running inference, preprocessing data from ADNI, NACC, and UK Biobank datasets, and performing Bayesian statistical analysis on clinical scores and demographics to validate the findings.",## Data Modalities - Structural MRI - Neuroimaging phenotypes - Clinical scores - Demographic data - UK Biobank data - ADNI (Alzheimer's Disease Neuroimaging Initiative) data - NACC (National Alzheimer's Coordinating Center) data,"## Packages, Tools, and Frameworks Used - Python - PyTorch - Weights & Biases - Miniconda/Anaconda - Jupyter Notebooks - Bayesian statistical analysis tools - Monte Carlo dropout - R (indicated by .Rproj file) - Scikit-learn (implied by regression models)"
Alzheimer's Disease Neuroimaging Initiative,ADNI,https://github.com/kaurrachneet6/MLforADNI,kaurrachneet6,kaurrachneet6; anant-dadu; anant-droid,Python,,"This code repository presents a machine learning approach for predicting Alzheimer's disease (AD) progression trajectories and clinical subtypes. The project uses clustering techniques to identify distinct progression subgroups of AD patients and develops predictive models that can forecast disease progression four years after initial diagnosis based on the first 12 months of post-diagnosis clinical data, achieving high accuracy (AUC of 0.83-0.96 across different progression groups). The work includes an interactive web application built with Streamlit that allows clinical researchers to predict a patient's clinical subtype based on clinical parameters, with the ultimate goal of enabling more personalized treatment plans and improved clinical trial design for AD research.",Data Modalities: - Clinical data - Cognitive assessments - Memory measures - Longitudinal patient data - Disease progression metrics
Alzheimer's Disease Neuroimaging Initiative,ADNI,https://github.com/AyaFergany/GraduationProject-Alzheimer-s-disease-detection,AyaFergany,AyaFergany,Jupyter Notebook,,"A one-paragraph summary of the code's purpose and functionality: This repository presents a deep learning approach for multi-class Alzheimer's Disease detection and classification using brain MRI data. The project implements several convolutional neural network architectures, including VGG19, DenseNet121, and SqueezeNet, to analyze brain MRI scans from the Alzheimer's Disease Neuroimaging Initiative (ADNI) database. The models are designed to classify subjects into different cognitive categories: normal cognition, mild cognitive impairment (MCI), and Alzheimer's Disease (AD). Data augmentation techniques such as zoom and rotation are employed to enhance model performance. Among the tested architectures, VGG19 achieved the best results with 83.2% accuracy and 96.6% AUC, followed by DenseNet121 with 79.8% accuracy and 95.7% AUC, while SqueezeNet showed the lowest performance.",Data types and data modalities mentioned or used: - Brain MRI - Neuroimaging - Clinical data - Genetic data
Alzheimer's Disease Neuroimaging Initiative,ADNI,https://github.com/bkleyn/alzheimers,bkleyn,bkleyn,Jupyter Notebook,,"The provided content is a base64 encoded string which, when decoded, contains only the title ""# Predicting Alzheimer's diagnosis and feature cost analysis"". There is no actual code or detailed readme content to analyze.",Data types and data modalities mentioned or used: None specifically mentioned in the available content
Alzheimer's Disease Neuroimaging Initiative,ADNI,https://github.com/Nithesh5/alzheimers-torch-adni-bagging-with-attentional,Nithesh5,Nithesh5,Python,,"This code implements a Convolutional Neural Network (CNN) model for Alzheimer's disease classification using MRI data from the ADNI (Alzheimer's Disease Neuroimaging Initiative) database. The model architecture incorporates attentional layers inspired by research from arxiv.org/abs/1807.06521 and follows a design referenced from a Frontiers in Aging Neuroscience paper. To improve classification accuracy, the implementation employs bagging techniques alongside the attention mechanisms, creating an ensemble approach to the neuroimaging-based diagnosis problem.",Data Modalities: - Structural MRI
Alzheimer's Disease Neuroimaging Initiative,ADNI,https://github.com/shellyxun/cs109a_final_project_2017,shellyxun,shellyxun; lars-von-buchholtz,Jupyter Notebook,,"This project focuses on predicting Mini-Mental State Exam (MMSE) scores from MRI imaging data to aid in Alzheimer's disease diagnosis, representing a modern approach to the challenge of predicting psychological states from anatomical features. The researchers used data from the Alzheimer's Disease Neuroimaging Initiative (ADNI) to build predictive models that could potentially identify dementia before cognitive symptoms appear. They faced significant challenges including the inherent noisiness of MMSE scores, small sample size (628 patients), and high multi-collinearity in imaging data. A secondary exploration attempted to predict beta-amyloid plaque presence from blood sample gene expression profiles, which could potentially replace more invasive diagnostic procedures like CSF sampling and PET scans.",Data Modalities: - Structural MRI - Cognitive assessments (MMSE) - Demographic data - Gene expression profiles - Beta-amyloid measurements - PET imaging (mentioned) - Cerebrospinal fluid (CSF) biomarkers (mentioned)
Alzheimer's Disease Neuroimaging Initiative,ADNI,https://github.com/asolbas/AD-CogNet,asolbas,asolbas,Jupyter Notebook,"## Summary This code repository accompanies an MSc thesis in Computational Biology that aims to construct and analyze networks of cognitive domains in patients with Mild Cognitive Impairment (MCI) and Alzheimer's disease using graph theory approaches. The project analyzes neuropsychological test data from the Alzheimer's Disease Neuroimaging Initiative (ADNI) to study potential network rearrangements during dementia progression, comparing patients' normalized scores to those of healthy elderly controls across various cognitive domains including memory, language, executive function, motor and visuospatial skills, attention, and orientation.",## Data Modalities - Neuropsychological test data - Cognitive assessment scores - Genetic profiles - Demographic data,"## Packages, Tools, and Frameworks Used - Python 3.9.12 - R 4.2.3 - Jupyter Notebooks - Tableau (for visualization) - Graph theory analysis tools (implied but specific packages not explicitly mentioned)"
Alzheimer's Disease Neuroimaging Initiative,ADNI,https://github.com/Toqa277/MRI-Alzheimers-CNN,Toqa277,Toqa277; AbdelrahmanEldreeny; Suhaila-Samir-El-behairy,Jupyter Notebook,"## Summary This code implements a comprehensive framework for classifying Alzheimer's disease stages (Cognitively Normal, Mild Cognitive Impairment, and Alzheimer's Disease) using multiple deep learning approaches on MRI brain scans from the ADNI dataset. The project employs three distinct neural network architectures: a dual 2D CNN model with feature fusion, a 3D ResNet-18 model for volumetric analysis, and a transfer learning approach using VGG16 pre-trained weights. The pipeline includes extensive preprocessing steps such as DICOM to NIfTI conversion, bias field correction, registration, skull stripping, and normalization, with the best-performing models achieving validation accuracies of 85-90% and AUC values of 0.92-0.98 across different disease classifications.",## Data Modalities - Structural MRI (T1-weighted) - 3D brain volumes - 2D brain slices - Neuroimaging data,"## Packages, Tools, and Frameworks - ANTsPy (Advanced Normalization Tools for Python) - dicom2nifti - PyTorch - Keras - TensorFlow - MNI152 template - ImageNet (pre-trained weights) - VGG16 (pre-trained model) - ResNet-18 architecture - Adam optimizer"
Alzheimer's Disease Neuroimaging Initiative,ADNI,https://github.com/V1ncenttt/FYP-Alzheimer-Harmonisation,V1ncenttt,V1ncenttt,Jupyter Notebook,,"This code repository contains a project focused on improving Alzheimer's disease (AD) diagnosis and predicting Mild Cognitive Impairment (MCI) to AD conversion by comparing four post-hoc harmonisation techniques (ComBat, CovBat, ComBat-GAM, and NeuroHarmony) on neuroimaging data from the Alzheimer's Disease Neuroimaging Initiative (ADNI) dataset. The project builds two classifiers using cortical thickness data from a cohort of 1358 participants to evaluate how different harmonisation methods affect classification performance, with statistical significance assessed using the McNemar test to determine which techniques most effectively reduce variability introduced by differences in imaging protocols and scanning devices.",Data Modalities: - Structural MRI - Cortical thickness measurements - Demographic data - Genetic data
Alzheimer's Disease Neuroimaging Initiative,ADNI,https://github.com/William2399/Pre-Symptomatic-Cognitive-Impairment-Detector-Science-Fair-2021-,William2399,William2399,,"A one-paragraph summary of the code's purpose and functionality: This repository contains a project focused on testing whether DNA methylation can serve as a biomarker for predicting Alzheimer's disease and detecting pre-symptomatic cognitive impairment. The work involves analyzing case-control datasets (GSE156984, GSE153712, and ADNI) to identify significant CpG site biomarkers based on p-values, then using these biomarkers with machine learning algorithms to create both static and progressive prediction models. The static model achieved 80.3% accuracy in distinguishing mild cognitive impairment (MCI) patients from controls, while the progressive models demonstrated 86.1% accuracy in predicting normal-to-MCI conversion and 90.9% accuracy in predicting MCI-to-Alzheimer's conversion over a two-year period, supporting the hypothesis that DNA methylation can effectively predict Alzheimer's disease progression.",Data types and data modalities mentioned or used: - DNA methylation data - CpG site biomarkers - Case-control datasets - Cognitive assessment data,"Packages, tools, and frameworks used: - Machine learning algorithms - Support Vector Classification (SVC) - Lasso algorithm - Data analysis programs"
Alzheimer's Disease Neuroimaging Initiative,ADNI,https://github.com/ppaulojr/adni,ppaulojr,ppaulojr,Python,,"A one-paragraph summary of the code's purpose and functionality: This repository appears to be related to the Alzheimer's Disease Neuroimaging Initiative (ADNI) and contains scripts for parsing ADNI volumetric data. The code likely facilitates the extraction, processing, and analysis of neuroimaging data collected through the ADNI project, which is a major research initiative focused on identifying biomarkers for early detection and tracking of Alzheimer's disease progression.",Data types and data modalities mentioned or used: - Neuroimaging - Volumetric data
Alzheimer's Disease Neuroimaging Initiative,ADNI,https://github.com/myousefnezhad/adni202,myousefnezhad,myousefnezhad,,,"The code provided is actually a Base64-encoded README file for the Alzheimer's Disease Neural Images (ADNI) dataset, which contains neural imaging data for 202 subjects. The README mentions a publication by Yousefnezhad, Huang, and Zhang (2017) about a framework called WoCE (Wisdom of Crowds Ensemble) for clustering ensemble, suggesting the dataset may be used for developing or testing clustering algorithms for neuroimaging data in Alzheimer's disease research.",Data types and data modalities: - Neuroimaging (MRI) - Alzheimer's disease patient data
Alzheimer's Disease Neuroimaging Initiative,ADNI,https://github.com/shammiquddus/Alzheimers_ADNI,shammiquddus,shammiquddus,Jupyter Notebook,,"A one-paragraph summary of the code's purpose and functionality: This repository contains code for analyzing the contribution of genetic factors in predicting Alzheimer's disease status at baseline using data from the University of Southern California Alzheimer's Disease Neuroimaging Initiative (ADNI) database. The researchers worked with two datasets: ADNIMERGE_full and ADNI_Gene_Expression_Profile, focusing specifically on the ADNI2 cohort due to gene expression data availability. They built predictive models using regularized logistic cross-validation as a baseline (78.6% accuracy), then improved performance by incorporating gene expression data through PCA combined with logistic regression (83% accuracy) and Random Forest (82.14% accuracy at depth 3), demonstrating that genetic factors can enhance prediction accuracy for Alzheimer's status.",Data types and data modalities mentioned or used: - Genetic data (gene expression profiles) - Neuropsychological test data - Cognitive assessment data - Functional test data - MRI brain volume measurements - PET brain glucose metabolism data - Longitudinal clinical data
Alzheimer's Disease Neuroimaging Initiative,ADNI,https://github.com/bruce803/ADNI_Alzheimer,bruce803,bruce803,Python,"``` This script is designed to extract features from ADNI (Alzheimer's Disease Neuroimaging Initiative) MRI data using concordance loss, likely for the purpose of analyzing or classifying Alzheimer's disease-related brain imaging patterns.",Data Modalities: - MRI (Magnetic Resonance Imaging) - Neuroimaging data - ADNI dataset,"Packages, tools, and frameworks used: None specifically mentioned in the provided code snippet ```"
Alzheimer's Disease Neuroimaging Initiative,ADNI,https://github.com/jaboaf/AlzBiomarkers,jaboaf,jaboaf,Julia,,"This code appears to be a data analysis script for studying Beta-Amyloid measurements in plasma samples from patients, likely in the context of Alzheimer's disease research. The script presents statistical summaries of Beta-Amyloid 1-40 (Aβ40) and Beta-Amyloid 1-42 (Aβ42) measurements in plasma, as well as their ratio (Aβ42/Aβ40), across different patient visits occurring at 0, 6, 12, 18, 24, 36, and 48 month intervals. The analysis includes basic descriptive statistics (minimum, maximum, mode, median, mean, standard deviation) for these biomarkers both overall and weighted by participant, suggesting a longitudinal study design tracking these Alzheimer's-related biomarkers over time.","Data Modalities: - Plasma biomarkers (Beta-Amyloid 1-40, Beta-Amyloid 1-42) - Longitudinal clinical data"
Alzheimer's Disease Neuroimaging Initiative,ADNI,https://github.com/guanyu1998/ADNI--Alzheimer-s-Disease,guanyu1998,guanyu1998,Python,,"A one-paragraph summary of the code's purpose and functionality: The code appears to be a Python-based deep learning framework for analyzing medical imaging data, specifically focused on Alzheimer's disease neuroimaging data (ADNI). It implements a ResNet50 architecture with an attention mechanism for image classification or analysis. The code processes data from a text file containing subject identifiers and dates, with references to NII format neuroimaging files. It utilizes PyTorch for the neural network implementation, along with supporting libraries for data processing and visualization. The framework is designed to read data paths from configuration files, process the neuroimaging data, and likely classify or analyze the images using the ResNet+attention model architecture.",Data types and data modalities mentioned or used: - Neuroimaging (MRI) - ADNI (Alzheimer's Disease Neuroimaging Initiative) data - NII format image files
Alzheimer's Disease Neuroimaging Initiative,ADNI,https://github.com/mritunjoychk17/Alzheimer-s-ADNI-Multiclass,mritunjoychk17,mritunjoychk17,,,"A one-paragraph summary of the code's purpose and functionality: This repository is dedicated to addressing multiclass classification problems related to Alzheimer's Disease, specifically focusing on a default 5-class classification system using the ADNI dataset. The code aims to develop and implement machine learning models that can accurately categorize subjects into different stages or classes of Alzheimer's Disease progression based on various biomedical data inputs.",Data types and data modalities mentioned or used: - Neuroimaging data - Clinical data - Alzheimer's Disease Neuroimaging Initiative (ADNI) dataset
Alzheimer's Disease Neuroimaging Initiative,ADNI,https://github.com/dmattie/pacs-adni-eab,dmattie,dmattie,Shell,,"This repository contains research on Alzheimer's Disease (AD) progression using diffusion-weighted imaging data from a longitudinal study of 264 subjects. The code analyzes brain-wide structural connectomics in early AD stages, focusing on the predictive potential of diffusion data. The researchers discovered a potential prognostic biomarker based on hemispheric lateralization of mean tract volume for tracts originating from supramarginal and paracentral regions, which achieved 86% accuracy, 86% sensitivity, and 93% specificity when combined with clinical indicators. While diffusion-weighted imaging measurements alone weren't strongly predictive, the comprehensive tract-by-tract analysis illuminates the potential of diffusion MRI for early detection and monitoring of neurodegenerative diseases, emphasizing the importance of multi-modal data integration for enhanced predictive analytics.",Data Modalities: - Diffusion-weighted MRI - Structural connectomics - Clinical variables
Alzheimer's Disease Neuroimaging Initiative,ADNI,https://github.com/egboegbo/Alzheimer-s-Disease-Classifier,egboegbo,egboegbo,Jupyter Notebook,,"This code repository contains a project aimed at classifying subjects as either healthy cognitive normal (CN) or Alzheimer's Disease (AD) patients using features extracted from MRI images along with additional data from the Alzheimer's Disease Neuroimaging Initiative (ADNI) database. The dataset consists of information from 220 subjects, including various brain region measurements such as whole brain volume, estimated intracranial volume, ventricles, hippocampus (left and right), inferior lateral ventricles, temporal lobe regions, fusiform, and entorhinal cortex measurements, which are used as features for the classification task.",Data Modalities: - Structural MRI - Brain morphometry - Volumetric measurements - Neuroanatomical features - Clinical diagnosis
Alzheimer's Disease Neuroimaging Initiative,ADNI,https://github.com/DKINBOSS/Using-GNNs-and-Protein-Expression-Networks-to-Predict-Alzheimer-s-Disease-Diagnosis,DKINBOSS,DKINBOSS,Python,"### Summary This code implements a graph neural network (GNN) approach to predict Alzheimer's disease diagnosis using protein expression data from the Alzheimer's Disease Neuroimaging Initiative (ADNI). The project constructs protein co-expression networks where proteins are represented as nodes with expression levels as node features, and correlations between proteins form the edges. The methodology employs hierarchical clustering with Graph Convolutional Networks (GCN) to generate embeddings reflecting local graph structures, followed by ASAPool clustering to make graph-level predictions of disease status based on individuals' proteomic profiles from cerebrospinal fluid samples.",### Data Modalities - Proteomics (cerebrospinal fluid protein expression data) - Clinical data (disease diagnosis) - Biomarkers (CSF biomarkers),"### Packages, Tools, and Frameworks Used - Graph Neural Networks (GNN) - Graph Convolutional Networks (GCN) - ASAPool (Adaptive Structure Aware Pooling) - Hierarchical clustering - Biweight mid-correlation (for adjacency matrix construction)"
Alzheimer's Disease Neuroimaging Initiative,ADNI,https://github.com/FahimFBA/Alz-Predict-ROIvsNonROI,FahimFBA,FahimFBA; deepu1067; hazerahira; IsratIJK; asifmzx,Jupyter Notebook,,"## Summary of Code's Purpose and Functionality This project employs advanced Convolutional Neural Networks (CNNs) with 3D ResNet architecture enhanced by Convolutional Block Attention Module (CBAM) for automated segmentation and analysis of MRI brain images to detect Alzheimer's Disease. The approach includes comprehensive data preprocessing, MRI registration, and data augmentation techniques using datasets from ADNI and OASIS. The system classifies subjects into three categories: Alzheimer's Disease (AD), Mild Cognitive Impairment (MCI), and Cognitively Normal (CN), achieving high accuracy rates across various experimental configurations, particularly when focusing on six specific regions of interest (ROIs) in the brain.",## Data Modalities - 3D MRI brain images (T1-weighted) - Neuroimaging Informatics Technology Initiative (NIfTI) images - Patient demographic and clinical information (CSV files)
Alzheimer's Disease Neuroimaging Initiative,ADNI,https://github.com/hzlab/2021_Qian_eLife_ADNI_FDG,hzlab,qiandaxing; susan-cheng; zjc062,R,,"This code repository contains the implementation for analyzing the stage-dependent differential influence of metabolic and structural networks on memory across the Alzheimer's disease continuum. The main program is in vc.R, with run_vc.R providing an example implementation used in the referenced paper. The code utilizes a Sparse Structured Shrinkage Estimator for Nonparametric Varying-Coefficient Models, which requires pre-compiled Fortran 90 code. This computational approach allows researchers to examine how different brain networks (metabolic and structural) influence memory function at various stages of Alzheimer's disease progression.",Data Modalities: - Brain structural connectivity - Brain metabolic networks - Memory performance data - Alzheimer's disease staging data
Alzheimer's Disease Neuroimaging Initiative,ADNI,https://github.com/Emr-pvt/Alzheimer_detection_CSA,Emr-pvt,Emr-pvt,Jupyter Notebook,"## Summary This project aims to create a tool for early detection of Alzheimer's disease using brain MRI images extracted from the ADNI database, leveraging a Kaggle dataset. The approach implements the Crow-search algorithm, a nature-inspired machine learning method based on work by S. Labaadi et al. (2019), to classify different stages of Alzheimer's disease development. The project builds upon existing repositories and requires a specific four-class Alzheimer's dataset from Kaggle for reproduction of results.",## Data Modalities - MRI (Magnetic Resonance Imaging) - Brain imaging data - ADNI (Alzheimer's Disease Neuroimaging Initiative) database,"## Packages, Tools, and Frameworks - Kaggle datasets - Crow-search algorithm - Machine learning classification methods - Jupyter Notebook (implied by the .ipynb references)"
Alzheimer's Disease Neuroimaging Initiative,ADNI,https://github.com/karunya-venugopalan/Detection-and-Analysis-of-Alzheimer-s-disease,karunya-venugopalan,karunya-venugopalan,Python,,"**Summary:** This project aims to develop an early detection and analysis system for Alzheimer's disease using brain MRI images from the ADNI (Alzheimer's Disease Neuroimaging Initiative) database and MMSE (Mini-Mental State Examination) test data. The codebase contains multiple analysis components including image segmentation through thresholding of brain MRIs, multiple regression analysis using MMSE scores, longitudinal MRI analysis for predictions using OASIS data, edge detection techniques for enhanced brain MRI analysis, and a KNN classification algorithm for Alzheimer's disease analysis.",**Data Modalities:** - Brain MRI - MMSE (Mini-Mental State Examination) scores - Longitudinal MRI - OASIS dataset - Neuropsychological test data (MMSE)
Alzheimer's Disease Neuroimaging Initiative,ADNI,https://github.com/GavinSaiun/GFNet-Alzheimer-Detection,GavinSaiun,GavinSaiun,Python,"## Summary This code implements a deep learning model for Alzheimer's disease classification using brain MRI scans. It utilizes GFNet (Global Filter Networks), a specialized vision transformer architecture designed for medical imaging tasks, which replaces traditional self-attention mechanisms with Fourier transform operations for improved efficiency. The model was trained on the Alzheimer's Disease Neuroimaging Initiative (ADNI) dataset, achieving 90% accuracy on validation data and 76.57% on the test set, demonstrating its ability to distinguish between Alzheimer's Disease (AD) and Normal Control (NC) cases.",## Data Modalities - Brain MRI - Structural neuroimaging - Grayscale medical images,"## Packages, Tools, and Frameworks - PyTorch (torch >= 1.8.0) - torchvision - timm - Matplotlib - Python 3.12.7 - NumPy (implied by image processing) - PIL (implied by image loading)"
Alzheimer's Disease Neuroimaging Initiative,ADNI,https://github.com/FaizanIsamil/Alzheimers,FaizanIsamil,FaizanIsamil,Jupyter Notebook,,"A one-paragraph summary of the code's purpose and functionality: This repository contains code for predicting Alzheimer's disease from MRI scans using Convolutional Neural Networks (CNNs). The approach focuses on using 2D middle slices extracted from 3D MRI volumes as input to the CNN model. The project utilizes the ADNI (Alzheimer's Disease Neuroimaging Initiative) dataset, which contains MRIs in .npy format, with 2109 MRIs for training, 435 for validation, and 469 for testing. Each MRI in the dataset is a 3D volume consisting of 62 2D slices.",Data types and data modalities mentioned or used: - Structural MRI - 3D MRI volumes - 2D MRI slices
Alzheimer's Disease Neuroimaging Initiative,ADNI,https://github.com/antonioscardace/Tina,antonioscardace,antonioscardace,Jupyter Notebook,"## Summary This code repository contains a machine learning project focused on detecting Alzheimer's disease through brain MRI analysis. The project uses a 3D DenseNet model to classify brain MRIs into two diagnostic categories: Cognitively Normal (CN) and Alzheimer's Disease (AD). Using the ADNI dataset from the University of South Carolina, the project processes 2073 T1-weighted brain MRIs, achieving a final F1-Score of 84.39%, Precision of 82.63%, Recall of 86.23%, AUC of 88.60%, and Accuracy of 89.39% on the test set after preprocessing the images and training the model.",## Data Modalities - Structural MRI (T1-weighted brain MRIs) - Neuroimaging data - Medical imaging - Brain scans,"## Packages, Tools, and Frameworks Used - Python - ANTs (Advanced Normalization Tools) - HD-BET (Brain Extraction Tool) - Intensity Normalization toolkit - Anaconda - Git - Custom bash scripts for data processing - 3D DenseNet neural network architecture - TensorFlow/Keras (implied by the neural network implementation) - Data preprocessing pipelines - ROC curve analysis tools"
Alzheimer's Disease Neuroimaging Initiative,ADNI,https://github.com/ctangtyy/AD-Biomarker-Project-Guo-LB,ctangtyy,ctangtyy,Jupyter Notebook,,"A one-paragraph summary of the code's purpose and functionality: This repository contains code for the AD Biomarker Project with the Guo Lab, focusing on organizing and analyzing Abeta measurements in patient samples from the Alzheimer's Disease Neuroimaging Initiative (ADNI). The project utilizes Python along with packages such as numpy, pandas, and biopython to create code for visual representation and in-depth statistical analysis of biomarker data. The team is also developing a user-friendly UI/UX interface to provide researchers with seamless interaction with the data, enabling more efficient analysis of Alzheimer's disease biomarkers.",List of data types and data modalities mentioned or used: - Biomarkers (Abeta measurements) - Patient samples - Neuroimaging data (implied through ADNI)
Alzheimer's Disease Neuroimaging Initiative,ADNI,https://github.com/Ginawsy/ADNI,Ginawsy,Ginawsy,,,A one-paragraph summary of the code's purpose and functionality: This project aims to develop a classification system for detecting Alzheimer's Disease (AD) using Convolutional Neural Networks (CNN). The code compares model accuracy across different datasets from the ADNI (Alzheimer's Disease Neuroimaging Initiative) to evaluate the effectiveness of CNN-based approaches for AD detection.,Data types and data modalities mentioned or used: - Neuroimaging - MRI
Alzheimer's Disease Neuroimaging Initiative,ADNI,https://github.com/xiaoran831213/adni,xiaoran831213,,,,"A one-paragraph summary of the code's purpose and functionality: This repository contains scripts and documentation related to work with the Alzheimer's Disease Neuroimaging Initiative (ADNI) cohort data. ADNI is described as a longitudinal multicenter study designed to develop clinical, imaging, genetic, and biochemical biomarkers for the early detection and tracking of Alzheimer's disease (AD). The repository serves as a collection of resources created during analysis of the ADNI dataset, though the specific analyses or methodologies are not detailed in the provided readme.",Data types and data modalities mentioned or used: - Neuroimaging - Clinical data - Genetic data - Biochemical biomarkers - Longitudinal data
Alzheimer's Disease Neuroimaging Initiative,ADNI,https://github.com/lararst/ADNIanalysis,lararst,lararst,Jupyter Notebook,,"The code appears to be a Base64-encoded string that decodes to ""# ADNIanalysis\nSurvival analysis of Alzheimer data"". Without actual code content beyond this encoded title, I cannot provide a meaningful analysis of functionality, data modalities, or packages used.",Data Modalities:
Alzheimer's Disease Neuroimaging Initiative,ADNI,https://github.com/TCAdityaa/Alzheimers_ADNI,TCAdityaa,TCAdityaa,,,"I cannot provide a meaningful analysis as the provided content appears to be a Base64 encoded string ""IyBBbHpoZWltZXJzX0FETkkK"" which decodes to ""# Alzheimers_ADNI"" - just a repository name or header. Without actual code or README content to analyze, I cannot determine the purpose, functionality, data types, or packages used.",
Alzheimer's Disease Neuroimaging Initiative,ADNI,https://github.com/ChantalGisler/Brainhealth-Challenge,ChantalGisler,ChantalGisler,Jupyter Notebook,"``` This repository contains a project focused on analyzing Alzheimer's disease data from ADNI (Alzheimer's Disease Neuroimaging Initiative). The authors, Ramin Häcki and a collaborator, developed an algorithm that determines whether a person has Alzheimer's disease based on MRI images, specifically using the middle slice of each scan. Additionally, they analyzed the effects of sleep disorders over the course of the study, with results documented in an accompanying report. ```",Data Modalities: - MRI - Alzheimer's disease data - Sleep disorder data,"Packages, Tools, and Frameworks: - No specific packages, tools, or frameworks are explicitly mentioned in the provided README content"
Alzheimer's Disease Neuroimaging Initiative,ADNI,https://github.com/atri-biostats/ADNIMERGE2,atri-biostats,KedirHussen-atri; mcdonohue,R,,"This code represents a README file for the ADNIMERGE2 R data package, which provides access to datasets from the Alzheimer's Disease Neuroimaging Initiative (ADNI) study. The package serves as a structured container for ADNI data shared through the Laboratory of Neuro Imaging (LONI) platform at USC, making it accessible to researchers who have completed the required data use agreement. The README explains how to request access to the data through the LONI website and provides installation instructions for the R package once access is granted.",Data types and data modalities mentioned or used: - Neuroimaging data
Alzheimer's Disease Neuroimaging Initiative,ADNI,https://github.com/kaurrachneet6/Alzheimer-and-Dementia-Study,kaurrachneet6,kaurrachneet6,Jupyter Notebook,,The provided content is a base64-encoded string that decodes to: ``` # Alzheimer-and-Dementia-Study Alzheimer and Dementia Study on ADNI Dataset ```,"This appears to be just a repository title and brief description, not actual code or a detailed README file."
Alzheimer's Disease Neuroimaging Initiative,ADNI,https://github.com/krishangmain/ADNI,krishangmain,krishangmain,Jupyter Notebook,"## Summary This code implements a deep learning approach for classifying brain MRI images into different categories related to Alzheimer's disease using Convolutional Neural Networks (CNN). The project processes brain MRI data from an Alzheimer's dataset, performs data preprocessing and augmentation, builds and trains a CNN model with InceptionV3 architecture for feature extraction, and evaluates the model's performance in classifying images into categories including Alzheimer's disease, Cognitively normal, Early mild cognitive impairment, and Late mild cognitive impairment, with the goal of enabling early detection and classification of Alzheimer's disease.",## Data Modalities - Structural MRI - Brain imaging - Neuroimaging data - Alzheimer's disease classification data,"## Packages, Tools, and Frameworks Used - TensorFlow/Keras (implied by CNN architecture and ImageDataGenerator) - InceptionV3 (pre-trained model) - Jupyter Notebook - Python - Git (for repository management) - ImageDataGenerator (for data augmentation) - Visualization libraries (implied for data exploration) - Model evaluation metrics (accuracy, loss, confusion matrix)"
Alzheimer's Disease Neuroimaging Initiative,ADNI,https://github.com/vaibhavi5/ADNIClassification,vaibhavi5,vaibhavi5,Python,,"A one-paragraph summary of the code's purpose and functionality: """"","List of data types and data modalities mentioned or used: """""
Alzheimer's Disease Neuroimaging Initiative,ADNI,https://github.com/yingjiegaryzhou/ADNI3_TauPET_TDA,yingjiegaryzhou,yingjiegaryzhou,R,,"A one-paragraph summary of the code's purpose and functionality: This code repository implements a texture analysis pipeline for Tau PET scans from the ADNI3 dataset, specifically focusing on the hippocampus region of interest (ROI). The workflow includes preprocessing of Tau PET and MRI data, ROI extraction, image conversion, and advanced texture analysis using the Smooth Euler Characteristic Transform (SECT) algorithm followed by Structured Functional Principal Component Analysis (SFPCA). The pipeline is designed to extract textural features from baseline ADNI3 Tau PET scans that may be relevant for Alzheimer's disease research, with the repository containing sample files demonstrating the implementation for hippocampal analysis.",Data types and data modalities mentioned or used: - Tau PET - MRI - Clinical data - Diagnostic data
Alzheimer's Disease Neuroimaging Initiative,ADNI,https://github.com/2003UJAN/Alzheimer-ADNI-Ensemble-Learning,2003UJAN,2003UJAN,Jupyter Notebook,,"Since the provided content is just a Base64 encoded string that decodes to ""#Alzheimer-ADNI-Ensemble-Learning"" and no actual code or README files are included, I cannot provide a meaningful analysis of the code's purpose, functionality, data types, or packages used.",Data Modalities:
Alzheimer's Disease Neuroimaging Initiative,ADNI,https://github.com/anyagupta23/Alzheimer-s-LSTM-ADNI,anyagupta23,anyagupta23,Jupyter Notebook,,"This project employs a Long Short-Term Memory (LSTM) neural network model to predict the progression of Alzheimer's disease using sequences of 3D MRI brain scans from the Alzheimer's Disease Neuroimaging Initiative (ADNI) dataset. The code processes longitudinal MRI data from 99 patients, each with four scans taken six months apart, by converting 3D scans to 2D slices and resizing them to reduce computational load. The LSTM model is trained to analyze temporal patterns in these sequential images to forecast the next MRI scan in a patient's sequence, potentially helping clinicians visualize disease progression and make informed treatment decisions.",Data Modalities: - Structural MRI (T1-weighted) - Longitudinal neuroimaging data - 3D brain scans - Time series medical imaging
Alzheimer's Disease Neuroimaging Initiative,ADNI,https://github.com/jtnachbar/ADNI_CNN,jtnachbar,jtnachbar,Jupyter Notebook,,"A one-paragraph summary of the code's purpose and functionality: The repository appears to be a CS452 final project focused on early detection of Alzheimer's disease, likely using Convolutional Neural Networks (CNN) as indicated by the ""ADNI_CNN"" title. However, the provided code is extremely limited, containing only a base64-encoded string that decodes to ""# ADNI_CNN\nCS452 final project to catch Alzheimer's disease early"". Without additional code files or implementation details, it's not possible to determine the specific functionality, methods, or performance of the intended neural network approach.","Data types and data modalities mentioned or used: - MRI (implied by ADNI reference, though not explicitly stated in the limited code)"
Alzheimer's Disease Neuroimaging Initiative,ADNI,https://github.com/Abhinav-Vadlamani/ADNI-AD-Detection,Abhinav-Vadlamani,Abhinav-Vadlamani,Jupyter Notebook,,"A one-paragraph summary of the code's purpose and functionality: """"","List of data types and data modalities mentioned or used: """""
Alzheimer's Disease Neuroimaging Initiative,ADNI,https://github.com/NamithaHaridas/Denoising_AE_ADNI,NamithaHaridas,NamithaHaridas,Jupyter Notebook,,"This code repository presents a deep neural network approach for imputing missing data in heterogeneous Alzheimer's Disease Neuroimaging Initiative (ADNI) datasets and subsequently performing classification. The project implements a denoising autoencoder (DAE) for handling missing data at varying levels (40%-70%) in specific columns (MOTHDEM, APoE, CDR), followed by Random Forest classification for Alzheimer's disease severity prediction. The workflow includes data preprocessing, feature selection using multiple methods (Boruta, logistic regression with L1 regularization, and autoencoder), missing data generation and imputation, and model evaluation using standard metrics like accuracy, precision, recall, and F1 score.","Data Modalities: - Neuropsychological assessments (MOTHDEM, CDR) - Genetic data (APoE) - Demographic data (gender) - Heterogeneous biomedical data"
Alzheimer's Disease Neuroimaging Initiative,ADNI,https://github.com/ZhiyinL/Alzheimer_Imaging_Classification_Neural_Network,ZhiyinL,ZhiyinL,Jupyter Notebook,,"A one-paragraph summary of the code's purpose and functionality: This repository presents a deep learning approach for automated classification of Alzheimer's Disease (AD), Mild Cognitive Impairment (MCI), and elderly controls (CN) using structural MRI scans. The project utilizes Convolutional Neural Networks to analyze hippocampal gray matter, which is known to correlate strongly with Alzheimer's Disease. The workflow includes skull stripping, segmentation, normalization, and standardization of 3D sMRI data from the ADNI database (864 patients), followed by a 2D+ approach that selects representative slices from each dimension to avoid computationally intensive volumetric processing. The model architecture consists of convolutional layers, ReLU activations, max pooling, and linear layers, with weighted cross-entropy loss to handle class imbalance. The classifier achieved 100% accuracy in distinguishing AD from CN, and 75.4% accuracy in the three-class classification (AD, CN, MCI), with perfect detection of AD cases.",Data types and data modalities mentioned or used: - Structural MRI (sMRI) - Hippocampal gray matter segmentations - 3D brain imaging data - 2D brain image slices
Alzheimer's Disease Neuroimaging Initiative,ADNI,https://github.com/matteofrigo/ohbm19hackaton_adnidmipy,matteofrigo,matteofrigo; sebastientourbier; fliem; amrka,Jupyter Notebook,,"A one-paragraph summary of the code's purpose and functionality: This repository contains code used during the OHBM19 Hackathon for the project ""Tracking microstructural biomarkers of Alzheimer's Disease via diffusion MRI."" While the provided content is minimal, it appears to be a repository dedicated to analyzing diffusion MRI data to identify and track microstructural changes that could serve as biomarkers for Alzheimer's Disease progression.",Data types and data modalities mentioned or used: - Diffusion MRI - Microstructural biomarkers
Alzheimer's Disease Neuroimaging Initiative,ADNI,https://github.com/CarlosTheran/REU-ADNIC-2021,CarlosTheran,CarlosTheran,,,"A one-paragraph summary of the code's purpose and functionality: This repository contains a machine learning application designed for classifying different stages of Alzheimer's disease. The code appears to focus on developing and implementing algorithms that can categorize or predict the progression of Alzheimer's based on input data, potentially helping with early diagnosis or monitoring of the disease.",Data types and data modalities mentioned or used: None specifically mentioned in the provided content
Alzheimer's Disease Neuroimaging Initiative,ADNI,https://github.com/vipul105/MLforADNI_streamlit,vipul105,vipul105,Python,,"A one-paragraph summary of the code's purpose and functionality: The provided content is a Base64 encoded string that when decoded reveals only a repository title ""MLforADNI"" and a brief description ""Predicting Alzheimer's disease progression trajectory and clinical subtypes using machine learning."" There is no actual code provided in the input, only this encoded repository description.",Data types and data modalities mentioned or used: - Alzheimer's disease progression data
Alzheimer's Disease Neuroimaging Initiative,ADNI,https://github.com/zhouqingping/Alzheimers-Disease-Diagnosis,zhouqingping,nithinvc,Python,,"A one-paragraph summary of the code's purpose and functionality: """"","List of data types and data modalities mentioned or used: """""
Alzheimer's Disease Neuroimaging Initiative,ADNI,https://github.com/tarunmahesh/alzheimers-classify,tarunmahesh,tarunmahesh,Python,,"A one-paragraph summary of the code's purpose and functionality: """"","List of data types and data modalities mentioned or used: """""
Alzheimer's Disease Neuroimaging Initiative,ADNI,https://github.com/Besma-Mabrouk/Brain_Connectome_ADNI_4_Alzheimer-s_Stages,Besma-Mabrouk,Besma-Mabrouk,,,"A one-paragraph summary of the code's purpose and functionality: """"","List of data types and data modalities mentioned or used: """""
Alzheimer's Disease Neuroimaging Initiative,ADNI,https://github.com/ChayutWo/Alzheimer_Risk_Analysis,ChayutWo,ChayutWo,,"## Summary This code represents a comprehensive analysis of Alzheimer's disease data, developing a model to classify different phases of Alzheimer's (Normal, Mild Cognitive Impairment, and Dementia) using proportional odds ratio techniques. The project proposes a risk score formula that demonstrates higher scores in patients who progressed from Mild Cognitive Impairment to Dementia within a year, and includes a regression model to explain variability in Hippocampal volume of patients, with all analysis performed using R statistical software.",## Data Modalities - Neuropsychological test data - MRI (Magnetic Resonance Imaging) data - PET (Positron Emission Tomography) data - Biological markers - Clinical assessment data - Hippocampal volume measurements - Cognitive function measurements,"## Packages, Tools, and Frameworks - R programming language - Proportional odds model - Generalized linear model (GLM) - R Markdown for reporting and documentation"
Alzheimer's Disease Neuroimaging Initiative,ADNI,https://github.com/suletekkesinoglu/GCN_XAI_ADNI,suletekkesinoglu,suletekkesinoglu,,,"This repository appears to be titled ""GCN_XAI_ADNI"" (Graph Convolutional Network Explainable AI for Alzheimer's Disease Neuroimaging Initiative), but the provided content is only a Base64-encoded title/description that translates to ""Explaining Graph Convolutional Network predictions for clinicians-An explainable AI approach to Alzheimer's Disease classification"". Without actual code to analyze, I cannot provide a meaningful assessment of functionality, data modalities, or packages used.",
Alzheimer's Disease Neuroimaging Initiative,ADNI,https://github.com/aghafoor1208/Alzheimer-s-Disease-Classification-Using-ADNI-MRI-Dataset,aghafoor1208,aghafoor1208,Python,"## Summary This repository contains a project for classifying MRI scans using a convolutional neural network (CNN) to identify Alzheimer's Disease. The code processes 3D MRI data from the ADNI dataset by extracting middle axial slices, normalizing them, and training a CNN to classify images into three categories: Cognitive Normal (CN), Alzheimer's Disease (AD), and Mild Cognitive Impairment (MCI). The approach simplifies working with complex MRI data by focusing on 2D slices, allowing for efficient training and evaluation while maintaining diagnostic relevance.",## Data Modalities - Structural MRI (T1-weighted) - Brain imaging - Neuroimaging,"## Packages, Tools, and Frameworks Used - Python - PyTorch - torchvision - NumPy - Pillow (PIL) - Matplotlib - nibabel (implied for .nii file handling)"
Alzheimer's Disease Neuroimaging Initiative,ADNI,https://github.com/anyagupta23/ADNI-5-Class-Alzheimer-s-ViT-Notebook,anyagupta23,anyagupta23,Jupyter Notebook,"``` This repository contains a Vision Transformer (ViT) model trained on an Alzheimer's Disease dataset from Kaggle, which uses brain MRI images categorized into five classes representing different stages of Alzheimer's disease progression to develop a deep learning classification system. ```",Data Modalities: - Brain MRI - Neuroimaging,"Packages, Tools, and Frameworks: - Vision Transformer (ViT)"
Alzheimer's Disease Neuroimaging Initiative,ADNI,https://github.com/coolperson111/Alzheimers_is_Deep,coolperson111,coolperson111,Jupyter Notebook,,"A one-paragraph summary of the code's purpose and functionality: """"","List of data types and data modalities mentioned or used: """""
Alzheimer's Disease Neuroimaging Initiative,ADNI,https://github.com/kgrajski/ADNI_Studies,kgrajski,kgrajski,HTML,,"A one-paragraph summary of the code's purpose and functionality: This repository contains code and resources for analyzing multi-modal MRI and resting-state functional MRI (rsfMRI) data from the Alzheimer's Disease Neuroimaging Initiative (ADNI) cohorts. It includes shell scripts and R code used to process and analyze neuroimaging data to study the progression of Alzheimer's disease across different stages, from cognitively normal (CN) to mild cognitive impairment (MCI) to Alzheimer's disease (AD). The repository documents two major studies: a 2019 cross-sectional study using ADNI2 data that demonstrated changes in rsfMRI preceding structural MRI changes during disease progression, and a 2022 study using ADNI3 data that examined progression from CN to subjective memory complaints (SMC) to early and late MCI. The workflow incorporates various neuroimaging processing tools and statistical analysis methods to extract meaningful patterns from brain imaging data.",Data types and data modalities mentioned or used: - Structural MRI - Resting-state functional MRI (rsfMRI) - Multi-modal MRI - Neuroimaging data - High-dimensional time series
Alzheimer's Disease Neuroimaging Initiative,ADNI,https://github.com/RohithKumar5860/Alzheimers-Desease,RohithKumar5860,RohithKumar5860,Jupyter Notebook,"``` This code represents an HTML webpage describing a deep learning-based system for early Alzheimer's disease detection using MRI scans. The system employs a Convolutional Neural Network (CNN) based on the ResNet50 architecture pre-trained on ImageNet, which is fine-tuned to identify structural brain changes associated with different stages of Alzheimer's disease (Non-Demented, Very Mild Demented, Mild Demented, and Moderate Demented). The model initially achieved 35.03% test accuracy after 2 epochs, but improved to 90-95% accuracy with additional training, and includes features like Grad-CAM for visual explanations, automated report generation, data augmentation, and real-time inference capabilities. ```",Data types and data modalities: - MRI scans - Structural brain imaging - Neuroimaging,"Packages, tools, and frameworks used: - ResNet50 - Convolutional Neural Networks (CNN) - Transfer learning - Grad-CAM - ImageNet (pre-training dataset)"
Alzheimer's Disease Neuroimaging Initiative,ADNI,https://github.com/AtorieInc/Image_Recognition_System,AtorieInc,,Python,,"A one-paragraph summary of the code's purpose and functionality: This code implements a 3D Convolutional Neural Network (CNN) system for Alzheimer's disease diagnosis based on MRI brain images. The system provides a web application interface that allows users to upload brain MRI images for analysis, processes them through a trained PyTorch model, and returns a classification result. The architecture includes a 3D CNN model (ClassificationModel3D) with four convolutional layers, batch normalization, max pooling, and fully connected layers that ultimately outputs a classification into one of five categories. The system is designed to be user-friendly with a web interface for image upload and result visualization, making advanced medical image analysis accessible through a simple application.",Data types and data modalities mentioned or used: - MRI (Magnetic Resonance Imaging) - 3D brain images - Neuroimaging data
Alzheimer's Disease Neuroimaging Initiative,ADNI,https://github.com/Fruitkeeper/CNN-to-predict-Alzheimer,Fruitkeeper,Fruitkeeper,Jupyter Notebook,"## Summary This project develops a machine learning model to predict Alzheimer's disease stages using features extracted from MRI imaging and demographic data. The code implements a convolutional neural network (CNN) with three convolutional layers, max pooling, and dense layers to classify brain MRI scans into five different phases of Alzheimer's disease. The workflow includes data exploration, image preprocessing (resizing to 128x128 pixels, grayscale conversion, normalization), model development with TensorFlow/Keras, hyperparameter optimization using Keras Tuner, and evaluation through 5-fold cross-validation.",## Data Modalities - MRI brain imaging - Demographic data - Cognitive scores,"## Packages, Tools, and Frameworks - TensorFlow - Keras - Keras Tuner - NumPy (implied for image processing) - Matplotlib (implied for visualization) - Jupyter Notebook - Git"
Alzheimer's Disease Neuroimaging Initiative,ADNI,https://github.com/UTCogNeuroLab/dodadni,UTCogNeuroLab,mbmcgill,Shell,"A one-paragraph summary of the code's purpose and functionality: This code repository contains scripts for analyzing white matter structure in Alzheimer's disease using data from the Department of Defense Alzheimer's Disease Neuroimaging Initiative (DoD-ADNI). The repository includes tools for both microstructure and macrostructure analyses of white matter. For microstructure analyses, the code utilizes FreeSurfer's TRACULA for along-tract statistics and visualization, with scripts for statistical analysis (tracula_stats.sh), data concatenation (concatenate_tracula_profile_data_max.py), and tract profile visualization (tract_profile_plot.py). For white matter macrostructure analyses, the repository includes R scripts implementing robust regression using the MASS package. Additionally, the code supports cognitive performance analyses through elastic net regressions implemented in R using the glmnet package, allowing researchers to examine relationships between white matter integrity and cognitive function in Alzheimer's disease.",Data types and data modalities mentioned or used: - Diffusion MRI - White matter microstructure - White matter macrostructure - Cognitive assessment data,"List of packages, tools, and frameworks used: - FreeSurfer's TRACULA - mri_glmfit - Python (for data concatenation and visualization) - R - MASS package (for robust regression) - glmnet package (for elastic net regression)"
Alzheimer's Disease Neuroimaging Initiative,ADNI,https://github.com/Rudra-200/Alzheimer-s-Disease-Classification,Rudra-200,Rudra-200; kushaldn25,Jupyter Notebook,,"A one-paragraph summary of the code's purpose and functionality: This project implements a Convolutional Neural Network (CNN) for classifying and predicting different stages of Alzheimer's disease using MRI data from the Alzheimer's Disease Neuroimaging Initiative (ADNI) dataset. The code processes MRI images by resizing them to 100x100 pixels and converting them to grayscale, then applies a CNN architecture with multiple convolutional layers, batch normalization, and dropout to classify subjects into five categories: Cognitively Normal (CN), Early Mild Cognitive Impairment (EMCI), Late Mild Cognitive Impairment (LMCI), Mild Cognitive Impairment (MCI), and Alzheimer's Disease (AD). The model achieves an overall accuracy of 97.86% with F1-scores ranging from 0.98 to 1.00, demonstrating effective performance for early detection and diagnosis of Alzheimer's disease.",Data types and data modalities mentioned or used: - MRI (structural neuroimaging) - Brain imaging data - Neuroimaging data
Alzheimer's Disease Neuroimaging Initiative,ADNI,https://github.com/marcrodriguez2001/CNN-for-AD-and-MCI-discrimination,marcrodriguez2001,marcrodriguez2001,Jupyter Notebook,,"## Summary This project develops a Convolutional Neural Network (CNN) binary classifier to differentiate between Alzheimer's Disease (AD) and Mild Cognitive Impairment (MCI) using neuroimaging data from the Alzheimer's Disease Neuroimaging Initiative (ADNI). The code includes preprocessing of DICOM format medical images, converting them to matrices and PNG format for analysis, and implementing a CNN model to distinguish between these two conditions, which is critical for appropriate treatment strategies as MCI represents a transitional stage between age-related memory decline and more severe dementia.",## Data Modalities - Neuroimaging (MRI) - DICOM medical images - Brain scans
Alzheimer's Disease Neuroimaging Initiative,ADNI,https://github.com/marekkoc/MCI-to-AD-Conversion-Predictors,marekkoc,marekkoc,Jupyter Notebook,"## Summary This code repository contains analysis tools for predicting conversion from Mild Cognitive Impairment (MCI) to Alzheimer's Disease (AD) using machine learning approaches. The main focus is on a Random Forest classification model that leverages functional activity questionnaire data from informants, cognitive test scores, and brain volume measurements from MRI to identify early predictors of AD conversion. The code implements various model interpretability techniques including Gini importance, permutation importance, SHAP values, and partial dependency plots to demonstrate that even subtle changes in daily functioning reported by informants can significantly predict future AD conversion, alongside traditional biomarkers like hippocampal volume and memory test performance.","## Data Modalities - Clinical assessments (Functional Activity Questionnaire, Geriatric Depression Scale) - Neuropsychological tests (verbal memory, executive function) - Structural MRI (hippocampal volume, lateral ventricle volumes) - Longitudinal clinical data","## Packages, Tools, and Frameworks - Python - Jupyter Notebook - scikit-learn (Random Forest classifier) - SHAP (SHapley Additive exPlanations) - Matplotlib/Seaborn (for visualization) - NumPy/Pandas (for data manipulation) - Cross-validation tools - Feature importance analysis tools"
Religious Orders Study and Memory and Aging Project,ROSMAP,https://github.com/Polster-lab/m6a_regulators_rosmap,Polster-lab,danish2562022,Jupyter Notebook,,"A one-paragraph summary of the code's purpose and functionality: This repository contains documentation about the role of N6-methyladenosine (m6A) in Alzheimer's Disease (AD), focusing on how m6A regulators may influence disease mechanisms. The README file explains that m6A is a prevalent mRNA modification affecting RNA stability, splicing, translation, and degradation, and describes three categories of m6A regulators: methyltransferases (METTL3/METTL14), demethylases (FTO and ALKBH5), and binding proteins (YTH Domain Family Proteins). The content suggests this repository may be part of a research project investigating how these regulators' dysregulation could contribute to neurodegenerative processes in AD.",Data types and data modalities mentioned or used: - RNA methylation (m6A) - mRNA expression - Epigenetic modifications
Religious Orders Study and Memory and Aging Project,ROSMAP,https://github.com/jamiecarnevale/RNASeq-AD-Classification,jamiecarnevale,jamiecarnevale,Jupyter Notebook,,"This code appears to be a README file for an Alzheimer's Disease RNA-Seq research project, but there is no actual code implementation provided. The file contains background information on Alzheimer's disease theories, RNA-Seq methodology, data sources, and model results, but does not include any executable code or scripts.",Data Modalities: - RNA-Seq - Gene expression data - Transcriptomics
Alzheimer's Disease Sequencing Project,ADSP,https://github.com/EpistasisLab/tpot,EpistasisLab,perib; jay-m-dev; jgh9094; nickotto; gketronDS; nickmatsumoto; ethanglaser; theaksaini,Jupyter Notebook,,,
Alzheimer's Disease Sequencing Project,ADSP,https://github.com/EpistasisLab/Aliro,EpistasisLab,djfunksalot; weixuanfu; Coder-Sharon; hjwilli; Kaixhin; lacava; HyunjunA; jay-m-dev; joshc0044; mgstauffer; dependabot[bot]; JDRomano2; sophiavmoses; rhiever; nickotto; miguelehernandez; nupurbaghel; athril; augustearth,JavaScript,"## Summary Aliro is an easy-to-use data science assistant designed for researchers without machine learning or coding expertise, providing a clean web interface for supervised machine learning analysis. It offers results visualization and reproducible scripts, and features an AI assistant that recommends appropriate analyses based on a knowledge base that grows as more experiments are run. The system comes pre-loaded with knowledge from the PMLB benchmark suite and is actively developed by the Center for AI Research and Education (CAIRE) in the Department of Computational Biomedicine at Cedars-Sinai Medical Center.",## Data Modalities - Tabular data - Supervised machine learning datasets - Benchmark datasets,"## Packages, Tools, and Frameworks Used - Web interface - AI recommendation system - PMLB (Penn Machine Learning Benchmarks) - GitHub Actions (CI/CD) - Coveralls (code coverage)"
Alzheimer's Disease Sequencing Project,ADSP,https://github.com/EpistasisLab/tpot2,EpistasisLab,perib; jay-m-dev; jgh9094; nickotto; nickmatsumoto; gketronDS; ethanglaser; theaksaini,Jupyter Notebook,"## Summary TPOT (Tree-based Pipeline Optimization Tool) is a Python Automated Machine Learning tool that optimizes machine learning pipelines using genetic programming. It serves as a Data Science Assistant by automatically searching for the optimal combination of preprocessing, feature selection, and modeling techniques to maximize performance for a given dataset. The tool recently underwent a major refactoring to improve efficiency, support new features like genetic feature selection, multi-objective optimization, and provide a more modular framework for customizing the evolutionary algorithm.",## Data Modalities None specifically mentioned in the provided code snippet. TPOT is a general-purpose machine learning optimization tool that can work with various data types but no specific data modalities are mentioned.,"## Packages, Tools, and Frameworks - Python - numpy - scipy - scikit-learn - update_checker - tqdm - stopit - pandas - joblib - xgboost - matplotlib - traitlets - lightgbm - optuna - jupyter - networkx - dask - distributed - dask-ml - dask-jobqueue - func_timeout - configspace"
Alzheimer's Disease Sequencing Project,ADSP,https://github.com/EpistasisLab/AlzKB,EpistasisLab,JDRomano2; jay-m-dev; xixilili; nickotto; van-truong; PaulWangCS,Python,"A one-paragraph summary of the code's purpose and functionality: AlzKB is a knowledge base for AI research in Alzheimer's Disease, built on graph database technology. It integrates data from various third-party sources into a unified knowledge graph that can be queried and analyzed. The repository provides tools to either download a pre-built database dump in CYPHERL format for import into Memgraph (replacing the deprecated Neo4j in versions 1.3.0+) or build the knowledge graph from scratch by fetching original data sources, populating an OWL ontology, and loading the contents into a graph database. AlzKB serves as a comprehensive resource for researchers studying Alzheimer's Disease, allowing them to explore relationships between various biomedical entities through graph-based queries.",Data types and data modalities mentioned or used: - Knowledge graphs - Ontologies (OWL 2) - Graph databases,"List of packages, tools, and frameworks used: - Memgraph Lab/Server - Python (3.7+) - MySQL - ista (external library for OWL ontology population) - Neo4j (deprecated in versions prior to v1.3.0) - CYPHERL (file format for graph database import/export)"
Alzheimer's Disease Sequencing Project,ADSP,https://github.com/ZhiGroup/DeepENDO,ZhiGroup,khushpatelmd,Python,,"This code implements an unsupervised deep learning approach for deriving imaging-based endophenotypes (UDIPs) from brain MRI data to enable genetic association studies. The repository contains a 3D convolutional autoencoder architecture that compresses brain imaging data into a 128-dimensional latent space, which is then used to identify genetic variants associated with brain structure. The framework includes a perturbation-based decoder-interpretation (PerDI) method to map specific genetic loci to brain regions without human labels, successfully identifying genes relevant to brain structures like the Thalamus, Pallidum, and Putamen, with the overall approach identifying 9,457 significant SNPs organized into 97 independent genetic loci.",Data Modalities: - Structural MRI (T1 and T2) - Genetic data (SNPs) - Brain imaging-derived phenotypes - Neuroimaging endophenotypes
Alzheimer's Disease Sequencing Project,ADSP,https://github.com/thudaUSF/ADSP-dl-process,thudaUSF,thudaUSF,Python,,"A one-paragraph summary of the code's purpose and functionality: This repository contains scripts for downloading and processing exome sequencing data from the Alzheimer's Disease Sequencing Project (ADSP). The code facilitates the connection to ADSP buckets, downloads exome slices, and processes the data for t-test analysis to compare ""physchem"" (likely physical-chemical properties). The workflow includes setting up prerequisites (samtools, go, fuse-utils, goofys), mounting ADSP buckets to local storage, downloading reference hg38 files from the Broad Institute, and handling potential library issues. The main download functionality is implemented in ADdownload.sh which depends on urlget.py.",Data types and data modalities mentioned or used: - Genomic sequencing data (exome sequencing) - BAM files - Reference genome (hg38)
Alzheimer's Disease Sequencing Project,ADSP,https://github.com/RitchieLab/biofilter,RitchieLab,XueqiongLi; van-truong; vermaa1; scdudek,Python,,"A one-paragraph summary of the code's purpose and functionality: """"","List of data types and data modalities mentioned or used: """""
National Alzheimer's Coordinating Center,NACC,https://github.com/tjiagoM/adni_phenotypes,tjiagoM,tjiagoM,Python,"## Summary This repository contains code for identifying healthy individuals with Alzheimer's disease neuroimaging phenotypes in the UK Biobank, as presented in a Communications Medicine paper. The codebase implements a machine learning model that analyzes neuroimaging data to detect AD-like phenotypes in cognitively normal individuals. The repository includes scripts for training and inference, data preprocessing pipelines, and Bayesian statistical analysis tools, with the model architecture defined in Python using PyTorch and tracked using Weights & Biases for experiment organization and reproducibility.",## Data Modalities - Structural MRI - Neuroimaging phenotypes - Clinical scores - Demographic data - UK Biobank data - ADNI (Alzheimer's Disease Neuroimaging Initiative) data - NACC (National Alzheimer's Coordinating Center) data,"## Packages, Tools, and Frameworks - Python - PyTorch - Weights & Biases - Miniconda/Anaconda - Jupyter Notebooks - NumPy (implied by ML context) - Pandas (implied by CSV handling) - Scikit-learn (implied by regression models) - R (indicated by .Rproj file) - Monte Carlo dropout implementation"
National Alzheimer's Coordinating Center,NACC,https://github.com/cemiledemir/NACC_Alzheimer_Disease_Prediction,cemiledemir,cemiledemir,Jupyter Notebook,,"This code presents a project focused on developing a deep learning model to predict different progressive levels of Alzheimer's Disease (AD) using data from the National Alzheimer's Coordinating Center (NACC). The project implements a sequential neural network model in TensorFlow to classify patients into four categories: no impairment (0.0), questionable impairment (0.25), mild impairment (0.5), and moderate & severe impairment (1.0). The analysis addresses challenges of an unbalanced dataset, with most patients falling into the no impairment category, and explores relationships between age and disease progression. The model architecture uses multiple hidden layers with ReLU activation, dropout for regularization, and a softmax output layer, achieving 85.62% accuracy but showing bias toward the dominant class, suggesting the need for oversampling methods to improve performance on minority classes.",Data Modalities: - Clinical assessments (MOCA scores) - Demographic data (age) - Functional status measures - Cognitive assessment scores - Residential status information
Dominantly Inherited Alzheimer Network,DIAN,https://github.com/stephaschultz/PSEN1_GSC_DIAN,stephaschultz,stephaschultz,,,"This code appears to be a Base64 encoded string that decodes to ""Initial Script for LN paper"", which suggests it's a placeholder or title for a script related to a paper with the initials ""LN"". Without actual code content to analyze, I cannot determine its purpose, functionality, data types, or packages used.",Data Modalities:
Dominantly Inherited Alzheimer Network,DIAN,https://github.com/llevitis/DIAN_ESM_AmyloidBeta_Project,llevitis,llevitis; dependabot[bot],Jupyter Notebook,,"A one-paragraph summary of the code's purpose and functionality: This repository focuses on Epidemic Spreading Modelling (ESM) of Amyloid Beta in the Dominantly Inherited Alzheimer's Network (DIAN) dataset. The code aims to model and analyze how amyloid beta pathology spreads through brain networks in individuals with dominantly inherited Alzheimer's disease. The repository is structured as a git project with submodules containing ESM scripts and data, which requires appropriate access permissions to retrieve.",Data types and data modalities mentioned or used: - Amyloid PET - Brain connectivity/connectome data - Genetic data (implied by dominantly inherited Alzheimer's)
Dominantly Inherited Alzheimer Network,DIAN,https://github.com/WheelockLab/Tu-2024-DIAN-HubDisruption-FC,WheelockLab,cindyhfls,MATLAB,"``` This code appears to be a Base64-encoded message rather than actual executable code. When decoded, it indicates that data access requires approval from the Dominantly Inherited Alzheimer Network (DIAN), provides contact information for Dr. Muriah D. Wheelock, and lists data files used in the analysis including MRI subject lists, regression covariates, and HDI individual scores (z-scores). There is no actual code implementation provided in this snippet. ```",Data types and data modalities: - MRI - Clinical data (regression covariates) - HDI (Human Development Index) scores,"Packages, tools, and frameworks used: None specified in the provided content"
Longitudinal Early-onset Alzheimer's Disease Study,LEADS,https://github.com/chandrasekarnarayana/Hotspot_detection_in_Yeast_Cell_Model-Image_Processing,chandrasekarnarayana,chandrasekarnarayana,Jupyter Notebook,,"This code focuses on detecting cell walls and protein hotspots in fluorescence images of yeast cell models used to study neurodegenerative diseases like Alzheimer's, Parkinson's, and Huntington's. The project utilizes OpenCV for image processing to analyze fluorescence microscopy images, specifically identifying protein aggregations that are characteristic of these diseases. By post-processing fluorescence images, the code aims to map the hyperlocalization of biological processes and biomaterial transport at the cellular level, providing insights into the erratic misfolding of proteins that leads to functional degeneration of cells in neurodegenerative conditions.",Data Modalities: - Fluorescence microscopy images - Cellular imaging data - Protein aggregation data - Yeast cell model data
Longitudinal Early-onset Alzheimer's Disease Study,LEADS,https://github.com/ankitganeshpurkar/AlzLeads,ankitganeshpurkar,ankitganeshpurkar,Python,"``` AlzLeads is a web application designed for the prediction of inhibitors for Alzheimer's disease, providing a user-friendly interface through Streamlit to help researchers identify potential compounds that could inhibit disease progression. ```",Data types and data modalities: - Drug/compound data - Alzheimer's disease inhibitor data,"Packages, tools, and frameworks used: - Streamlit"
Longitudinal Early-onset Alzheimer's Disease Study,LEADS,https://github.com/MyronFernandes/Alzheimer-s-MRI-Image-Classification-Model,MyronFernandes,MyronFernandes; myronfds,Jupyter Notebook,,"A one-paragraph summary of the code's purpose and functionality: This repository contains a deep learning model for classifying Alzheimer's disease using MRI brain images. The project implements a custom convolutional neural network that outperformed other approaches in detecting patterns indicative of Alzheimer's disease from brain MRI scans. The model classifies brain images into different stages of dementia, though it faced challenges with limited data for the ""Moderate Demented"" class. The implementation includes early stopping techniques to prevent overfitting and ensure better generalization to unseen data. While achieving satisfactory results, the authors note that further optimization, additional data collection, and hyperparameter tuning would be required before clinical deployment.",Data types and data modalities mentioned or used: - MRI (Magnetic Resonance Imaging) - Brain imaging - Structural neuroimaging
Longitudinal Early-onset Alzheimer's Disease Study,LEADS,https://github.com/rf2485/eoad_wmh,rf2485,rf2485,,,"A one-paragraph summary of the code's purpose and functionality: This code appears to be R code used for analyzing white matter abnormalities in early onset Alzheimer's Disease patients from the LEADS cohort, specifically for an AAIC 2020 poster presentation. The actual code content is base64 encoded and only contains a brief description when decoded, without showing the actual implementation details.",Data types and data modalities mentioned or used: - White matter imaging - Neuroimaging
Longitudinal Early-onset Alzheimer's Disease Study,LEADS,https://github.com/Shalimar01/Health-Benefits-of-Red-Chilli-Powder-Shalimars.com,Shalimar01,Shalimar01,,"This appears to be a blog post about the health benefits of red chilli powder rather than actual code. The content discusses various claimed health benefits of red chilli powder, including cognitive enhancement, heart health, weight loss, and other health effects. It mentions that red chilli powder contains capsaicin, which is described as having various beneficial properties. The text appears to be marketing content for a spice company called Shalimar's Chef Spices.",Data types and data modalities mentioned or used: None,"Packages, tools, and frameworks used: None"
Alzheimer's Disease Research Center,ADRC,https://github.com/ctsit/dxster,ctsit,amberlallen; senrabc; KevinHanson,JavaScript,,"DxSter is an Alzheimer's Algorithmic Diagnostic Helper module that takes a Clinical diagnosis (PhyDx) and Neuropsychological diagnosis (NpDx) to output an algorithmic diagnosis (AlgDx), with the goal of saving time in formulating Alzheimer's disease diagnoses by reducing the need for consensus conferences. The module implements a diagnostic algorithm based on established research that can be used programmatically in Python or JavaScript, with example implementations provided for both languages, including a web-based calculator and command-line processing of CSV data files.",Data Modalities: - Clinical diagnosis data - Neuropsychological assessment data - CDR (Clinical Dementia Rating) scores
